,tag_frequency
#artificialintelligence,51888
#ai,48044
#art,29915
#aiart,26635
#digitalart,18137
#machinelearning,15752
#design,11582
#datascience,9197
#generativeart,9123
#aiartcommunity,9101
#midjourney,7984
#stablediffusion,7560
#artist,7370
#data,6622
#deeplearning,6564
#business,6313
#bigdata,5543
#dalle,5007
#aiartists,4623
#iot,4601
#mlart,4489
#python,4481
#nft,4381
#mlsogood,4087
#modernart,4020
#vr,3913
#artoftheday,3847
#graphicdesign,3810
#technology,3702
#branding,3608
#artificial,3545
#datascientist,3418
#aiartgenerator,3417
#analytics,3355
#logos,3350
#logodesign,3350
#logodesigner,3350
#brandidentity,3350
#logocreator,3350
#logoinspiration,3350
#logo,3350
#graphicdesigner,3350
#businesslogo,3350
#code,3350
#nightcafestudio,3216
#marketing,3101
#artwork,3082
#abstractart,3015
#thisisart,2881
#unstablearte,2881
#algorithm,2775
#ml,2751
#devops,2725
#modernartist,2680
#visualart,2613
#colourfulart,2613
#contemporaryart,2613
#emergingartist,2613
#colorfulart,2613
#ad,2412
#dalle2,2412
#iiot,2306
#digitalartist,2211
#tech,2181
#udemy,2136
#ecommerce,2117
#advertising,2104
#udemyfree,2042
#ads,2011
#blackfriday,2010
#banners,2010
#banner,2010
#advertisement,2010
#courses,1999
#udemycoupon,1957
#aiartwork,1932
#onlinecourses,1899
#animeart,1809
#wallpaper,1675
#yapaysanat,1675
#yapayzeka,1675
#artificialart,1675
#painting,1675
#newmediaart,1675
#robots,1597
#nftart,1541
#blockchain,1534
#fintech,1509
#artgallery,1474
#programmer,1474
#artistontwitter,1407
#100daysofcode,1379
#automation,1355
#robotics,1343
#contemporaryartist,1340
#velocityxai,1340
#deepdream,1340
#abstract,1340
#wallart,1340
#abstractpainting,1340
#interiordesign,1340
#canvasart,1340
#expressionism,1340
#homedecor,1340
#velocityx,1340
#illustration,1327
#nightcafe,1273
#ganart,1273
#vqgan,1273
#neuralart,1273
#artificial_intelligence,1141
#innovation,1105
#artforyourhome,1072
#pytorch,1072
#saas,1068
#animegirl,1005
#aiartist,1005
#digital,990
#dl,974
#web3,956
#midjourneyart,938
#robot,935
#nlp,935
#development,899
#ux,872
#digitalartwork,871
#midjourneyai,871
#digitaltransformation,808
#metaverse,805
#generativeai,804
#aigeneratedart,804
#creativity,795
#nfts,765
#photography,764
#neuralnetwork,737
#techcult,737
#canva,670
#ai_art,670
#aiartcomm,670
#crypto,656
#coding,638
#otherdesign,629
#creative,625
#nftartist,603
#amazing,603
#houston,594
#products,587
#highered,570
#cdwsocial,570
#edtech,570
#education,554
#neuralnetworks,540
#hiring,537
#ahs,536
#mushrooms,536
#tezos,536
#generated,536
#aigenerated,536
#steampunk,536
#aiartgallery,536
#digital_art,536
#marketingstrategy,506
#globantconverge,504
#roboticsainews,501
#drawing,497
#cloud,487
#news,481
#programming,476
#userexperience,469
#io,469
#photoshop,469
#fantasyart,469
#discodiffusion,469
#cryptocurrecy,466
#d,460
#project,438
#futurism,429
#bitcoin,427
#learning,409
#books,402
#ebooks,402
#fineart,402
#americanhorrorstory,402
#artvizual,402
#artists,402
#japanese,402
#explore,402
#model,402
#artistsoninstagram,402
#nature,402
#aiartdaily,402
#intelligence,397
#cybersecurity,391
#jobopportunity,380
#ar,364
#industry,363
#nftcommuntiy,363
#nftcollectors,363
#software,358
#writing,354
#3d,353
#learn,352
#science,345
#digitalmarketing,343
#bias,335
#landscape,335
#digitalartmarke,335
#picoftheday,335
#aibias,335
#artistsontwitter,335
#life,335
#geographic,335
#creativecoding,335
#developers,335
#image,335
#instaart,335
#generatedart,335
#fungiwomen,335
#anime,335
#instagramart,335
#animals,335
#fantasy,335
#ai_art_community,335
#aiartistcommunity,335
#openai,335
#cyborg,332
#celebrity,332
#cyborgs,332
#btc,332
#ia,326
#5g,325
#virtualreality,325
#cryptocurrency,324
#onthisday,322
#otd,322
#steam,318
#nftdrop,315
#bmcaauncon,306
#medicalillustration,306
#medart,306
#scicomm,306
#aiartificialintelligence,300
#seo,298
#future,297
#eth,296
#video,295
#user,289
#cx,287
#futurist,285
#agile,285
#xr,285
#defi,285
#ido,285
#predictvision,285
#syniti,285
#remote,285
#colours,268
#engineering,268
#huevember,268
#アート,268
#aiアート,268
#cute,268
#environment,268
#deal,268
#cloudfront,268
#render,268
#london,268
#ontario,268
#girl,268
#coders,268
#tensorflow,268
#fungi,268
#autonomousvehicles,268
#promptart,268
#etsy,268
#generative,268
#printable,268
#artificialintelligenceart,268
#customerexperience,264
#customerservice,263
#aiethics,259
#devcommunity,259
#work,257
#engineer,257
#webdesign,256
#artificalintelligence,253
#chatbot,252
#efficiency,252
#growth,252
#onpassive,252
#digitaldrawing,249
#udemycou,246
#ceo,241
#startup,230
#xrpl,229
#appdevelopment,229
#developer,229
#mlops,229
#aidatapainting,228
#digitization,228
#cern,228
#inovetix,228
#health,228
#techbio,228
#follow_me,228
#arte,221
#creativewriting,220
#writer,220
#aiwriter,220
#animation,219
#buildinpublic,213
#machine,204
#graphicdes,204
#inteligenciaartificial,201
#illustrations,201
#red,201
#3dart,201
#music,201
#objktcom,201
#objktnft,201
#giftthemart,201
#kerembürsin,201
#aithority,201
#wombodream,201
#computervision,201
#objkt,201
#nftcommunity,201
#neuromorphic,201
#game,201
#fallforart,201
#e,201
#hundredacrewoods,201
#longreads,201
#california,201
#augmentedreality,201
#aipainting,201
#draw,201
#gallery,201
#thescarletempress,201
#tcmparty,201
#digitalartmarket,201
#create,201
#artistrtweeters,201
#elonmusk,201
#ufo,201
#buyintoart,201
#intelligencefactory,201
#kickstarter,201
#collaboration,201
#sale,201
#gamedev,201
#scifi,201
#objktart,201
#dx,201
#ui,199
#experience,196
#lowcode,193
#gamification,192
#conversationalai,190
#phygital,190
#realtimeanalytics,190
#uniswap,190
#website,190
#nvidia,190
#eymenacareers,190
#healthdatamanager,190
#job,190
#sapspendconnectlive,190
#freelance,190
#manager,190
#newjob,190
#hotdeal,190
#artificialintellige,188
#communityai,174
#ainews,174
#designers,174
#baldness,166
#designing,166
#etherium,166
#worksbetter,166
#testosterone,166
#treatment,166
#help,166
#minoxidil,166
#betterthan,166
#designthinking,163
#blog,162
#nftshill,162
#apple,162
#stablediffusionart,162
#dubai,162
#nftcollection,162
#mentalhealth,162
#healthcare,162
#brand,161
#artificialintelligenc,161
#advice,161
#agi,161
#claireaicontest,161
#inktober,154
#designtools,152
#onlinecour,152
#czinger21c,137
#aicar,137
#engines,137
#hypercars,137
#vengine,137
#enginedesign,137
#quote,137
#carcommunity,137
#cars,137
#co,137
#socialmedia,135
#research,135
#microsoft,135
#skyart,134
#weekendvibes,134
#futuretech,134
#invention,134
#sombra,134
#overwatch,134
#trump,134
#blackpanther,134
#gamecharecter,134
#donaldtrump,134
#datawarehouses,134
#human,134
#hayleywilliams,134
#archa,134
#dataloss,134
#sunday,134
#nftgiveaway,134
#stabeldiffusion,134
#artistsofinstagram,134
#grail,134
#indiedev,134
#ark,134
#magick,134
#sound,134
#gameart,134
#nearprotocol,134
#scifiart,134
#aws,134
#watercolorpainting,134
#auroraisnear,134
#dreambooth,134
#realisticart,134
#huevember2022,134
#nftartwork,134
#3dcommerce,134
#ractor,134
#created,134
#lunc,134
#lunaclassic,134
#kids,134
#eye,134
#metal,134
#rose,134
#ds,134
#robotic,134
#artistic,134
#te,134
#technomancy,134
#pyramid,134
#flyingsaucer,134
#aigallery,134
#alien,134
#extraterrestrial,134
#pixelart,134
#communications,134
#cloudflare,134
#technologies,134
#text2art,134
#womboart,134
#edwardian,134
#moondropstudio44,134
#budgeting,134
#hardware,134
#architecture,134
#battery,134
#collection,134
#xrplnetwork,134
#minted,134
#endemicnft,134
#aigenerator,134
#candy,134
#codex,134
#startups,134
#avatar,134
#conceptart,134
#イラスト,134
#computational,134
#gajethub,134
#review,134
#artcurator,134
#apps,134
#doggo,134
#box,134
#freezedried,134
#broccolini,134
#developmenttools,134
#email,134
#spacex,134
#nftarts,134
#nftjapan,134
#nftminting,134
#datastrategy,134
#7wdata,134
#stupid,134
#hamburger,134
#veggies,134
#ilustraciones,134
#futurework,134
#artedigital,134
#graphicsdesign,134
#zebra404,134
#ape,134
#free,134
#samurai,134
#gorilla,134
#robotica,134
#digitalillustration,134
#metadesign,134
#gan,134
#arthistory,134
#producthunt,134
#t,134
#comic,134
#poppunk,134
#punkrock,134
#punk,134
#cats,134
#mangaart,134
#animeartist,134
#abandoned,134
#animated,134
#glowvember2022,134
#jobs,134
#eatyourveggies,134
#pythonic,134
#roastedveggies,134
#ces,134
#downtherabbithole,134
#wonderland,134
#cyberpunk,134
#broccoli,134
#alice,134
#aliceinwonderland,134
#wolf,134
#aidesign,134
#designinspiration,134
#disney,134
#portrait,134
#digitalfashion,134
#designathon,129
#spotify,129
#marketingdigital,129
#web3wallet,129
#web3community,129
#platform,129
#symposium,129
#aiinspotify,129
#marketingmaterial,129
#utrecht,129
#marketingnews,129
#womenwhocode,125
#story,125
#nftcollector,125
#motionart,116
#flutter,116
#techforgood,116
#algorithms,116
#tracking,116
#digitalstrategy,116
#artificialserendipity,116
#uxdesign,114
#bim,107
#dataengineering,107
#cfm,107
#itservices,103
#nocode,101
#userinterface,99
#statistics,98
#pokemonscarlet,95
#security,95
#dse2022,95
#shenzhen,95
#websitefeedback,95
#photographer,95
#linux,95
#partageonsdesign,95
#faang,95
#ipification,95
#rice,95
#ubinet,95
#dizzies,95
#morphic,95
#moroccophonenumberlist,95
#digitalsignage,95
#creation,95
#picsart,95
#aiiamonthlycontestnov2022,95
#chatbots,95
#offchain,95
#dex,95
#geek,95
#digitaljobs,95
#integrity,95
#onchain,95
#uiuxdesigner,95
#ibmmaximo,95
#maximomonday,95
#twitter,95
#database,95
#qualcomm,95
#digitalexperience,95
#datamesh,95
#pokemonviolet,95
#remoteglobal,95
#systemsengineer,95
#repatriate,95
#dataproducts,95
#ethereum,95
#ravencoin,95
#assetmanagement,95
#cryptoartist,95
#optimizeoperations,95
#zprosolutions,95
#monetization,95
#logic,95
#pokemonecarlateviolet,95
#adhoc,95
#zpro,95
#uniswaplabs,95
#bearablebull,95
#nftmarketplace,95
#richduck,95
#interviewinaction,95
#rvn,95
#gis,95
#aiia,95
#rivercityroundup,95
#louisvuitton,95
#gucci,95
#rare,95
#lifestyle,95
#luxury,95
#coffee,95
#uix,95
#ibmi,95
#as400,95
#erp,95
#innovazione,95
#tecnologia,95
#backend,95
#five9,95
#prada,95
#connectedhome,95
#dataculture,95
#metrics,95
#recruiter,95
#musicapp,95
#moisesapp,95
#opentowork,95
#lambda,95
#kappa,95
#edgecomputing,95
#growwithgoogle,95
#automatedtesting,95
#testsmarternotharder,95
#breitling,95
#hermes,95
#efun,95
#itcompany,95
#timemachine,95
#career,95
#medicalstatistics,95
#analyticsacademy,95
#clinicaltrials,95
#biostatistics,95
#web2,95
#blockchaintechnology,95
#webdevelopment,95
#webdeveloper,95
#mobileappdevelopment,95
#android,95
#ios,95
#cryptonews,95
#dolcegabbana,95
#aiawardsirl,95
#aiireland,95
#ai4good,95
#whitepaper,95
#asrafall22,95
#markets,95
#inspiration,95
#success,95
#patekphilippe,95
#maldives,95
#cartier,95
#rolex,95
#versace,95
#visualtesting,95
#i,95
#site,95
#forcepoint,95
#datasaveslives,95
#reveal,95
#msda,95
#scotcareersweek22,95
#digitalskills,95
#dlp,95
#metavibesapp,95
#metavibers,95
#sustainablemobility,95
#scewc22,95
#cities,95
#mobilityhubs,95
#madewithliveblocks,95
#ex,95
#digitalworld,95
#careers,95
#castatejobs,95
#hcai,95
#cache,95
#snpadragonsummit,95
#cosmos,95
#ibcseilors,95
#seilorgang,95
#seiyes,95
#seinami,95
#sei,95
#seilors,95
#cad,95
#jafte2022,95
#infosec,95
#wdayrising,95
#hospital,95
#psychometric,95
#personalization,95
#pixelzai,95
#multiversx,95
#myfive9,95
#botswanabussinessemaildatabase,95
#healthblocks,95
#ecommercesearchengine,95
#autocompletesearch,95
#searchfilter,95
#blogpromotion,95
#itpro,95
#wizzy,95
#search,95
#searchexperience,95
#rockwellautomation,95
#hmis,95
#innovators,95
#wionfineprint,95
#autocapture,95
#contactcenter,95
#cxsolutions,95
#webinar,95
#servicenow,95
#journeyanalytics,95
#iotpl,95
#wisewednesday,95
#myheritage,95
#prodmgmt,95
#privacy,95
#strategy,95
#gainwithstewartilondanga,95
#mr,95
#traffic,95
#aiot,95
#space,95
#ps5,95
#fiverr,95
#smartparking,95
#datamanics,95
#voiceofcustomer,95
#oracle,95
#oraclecloud,95
#oci,95
#3dprinting,95
#3danimation,95
#smallbusiness,95
#thefuture,95
#quotes,95
#gadgets,95
#ott,95
#highimpactcareers,95
#bootcamp,95
#connectivity,95
#reactiv8,95
#gdpr,95
#paris,95
#nsta,95
#amazon,95
#sensing,95
#wifi6e,95
#wlan,95
#whereeverythingconnects,95
#businessideas,95
#elasticfundamentals,95
#sql,95
#scalability,95
#sqlserver,95
#aimindga,95
#mobility,95
#productdesign,95
#startupideas,95
#splittesting,95
#wifi,95
#brands,95
#cookies,95
#greenjobs,95
#localjobs,95
#incurredbutnotreported,95
#greenrecoverychallengefund,95
#alexa,95
#ibnr,95
#sustainablebenefits,95
#traineeships,95
#cdn,95
#hospitality,95
#processautomation,95
#analysis,95
#edgeanalytics,95
#ecology,95
#datafabric,95
#lumindigital,95
#bacm,95
#snapdragonsummit,95
#starfleetengineeringgetsitdone,95
#askusaboutstarfleet,95
#startrek,95
#cloudtechnology,95
#digitalbanking,95
#bgp,95
#roi,95
#googleassistant,95
#artificialintell,94
#artdirection,94
#graphicdesig,94
#o,94
#rt,91
#illustrationartists,87
#ink,87
#procreate,87
#cio,80
#datasecurity,79
#dataanalytics,73
#aivision,72
#appdesign,70
#healthtech,70
#leadership,68
#appdev,68
#datagovernance,68
#mobileapps,68
#fashion,68
#sd,67
#md2150,67
#mjv4,67
#arttech,67
#nasa,67
#augmentedimagination,67
#rbxs,67
#hyperspace,67
#stylegan,67
#onlineclasses,67
#altcoin,67
#neuraflection,67
#toys,67
#künstlicheintelligenz,67
#mecha,67
#gundam,67
#neuralink,67
#astroart,67
#electrical,67
#techprogrammes,67
#futuretransformation,67
#java,67
#ilustracion,67
#government,67
#paramore,67
#transformers,67
#electronics,67
#arduino,67
#watercolor,67
#digitalassets,67
#aiartprint,67
#ahshotel,67
#ilustraciondigital,67
#reviews,67
#moma,67
#glitchart,67
#tattoos,67
#trendingnews,67
#lumionneo,67
#pandora,67
#mountainscape,67
#mountains,67
#really,67
#fire,67
#randomthoughts,67
#ゲーム,67
#スーパーマリオ,67
#v2k,67
#supermario,67
#reality,67
#transport,67
#disruptive,67
#travel,67
#cyberspace,67
#jaguar,67
#media,67
#system,67
#mac,67
#mixedmediaartist,67
#textureart,67
#automaker,67
#softwareengineering,67
#fearofartificialintellignce,67
#codenewbies,67
#galactica,67
#wonder,67
#cloudyskies,67
#castle,67
#visionsofchaos,67
#codeformer,67
#gray,67
#topaz,67
#gigapixel,67
#aiartworld,67
#nftgram,67
#luminarneo,67
#makearteveryday,67
#hottopic,67
#lflr,67
#experimentalart,67
#artinstallation,67
#artforsalebyartist,67
#tattooartist,67
#copyright,67
#longform,67
#energy,67
#retro,67
#eightys,67
#creativeai,67
#machinegeneratedart,67
#digi,67
#illustrator,67
#zimbabweyakanaka,67
#finserv,67
#sustainability,67
#training,67
#mechanicalengineering,67
#metteottosson,67
#mj,67
#sailboat,67
#boat,67
#storm,67
#sea,67
#waves,67
#clouds,67
#movieart,67
#japan,67
#xtznft,67
#vaccinesideeffects,67
#genesis,67
#fun,67
#undead,67
#zombie,67
#robotsystems,67
#moviestvtj,67
#techjunkieinvest,67
#techjunkienews,67
#acgence,67
#technews,67
#icymi,67
#aicprime,67
#aicp,67
#elon,67
#spaceship,67
#uap,67
#battleship,67
#eyeroll,67
#bible,67
#jesus,67
#aianimation,67
#film,67
#firstordermodel,67
#stablediffusionanimation,67
#hongkong,67
#winteriscoming,67
#tribeup,67
#tribequokka,67
#towardsai,67
#aidevelopment,67
#landingpages,67
#banksy,67
#catfishing,67
#artblocks,67
#cartoons,67
#domains,67
#domainsforsale,67
#buydomains,67
#shopdomain,67
#xyz,67
#premiumdomains,67
#domainnames,67
#dnf,67
#digitalfriends,67
#polls,67
#xijingping,67
#poll,67
#trudeau,67
#winniet,67
#winniethepooh,67
#sith,67
#artificialintelligenceai,67
#artificialintelligencenow,67
#artificialgeneralintelligence,67
#humanoid,67
#humanoidrobot,67
#robotik,67
#roboticsengineering,67
#robotsforhumans,67
#intelligenceartificielle,67
#photos,67
#artistique,67
#keighleycollege,67
#winn,67
#questionoftheday,67
#qotd,67
#funny,67
#homeautomation,67
#marvel,67
#snowhitesecret,67
#tannhäusergate,67
#designconsiderations,67
#considerations,67
#redesign,67
#powerpointtemplates,67
#pitchdeck,67
#dalle2art,67
#snowhitewithredhair,67
#snowhite,67
#aistrategy,67
#smarthome,67
#kantanstream,67
#cxexperience,67
#haunted,67
#ancient,67
#stainedglass,67
#church,67
#colorful,67
#pollock,67
#aiartworks,67
#jasonallen,67
#theatredoperaspatial,67
#aigi,67
#aigeneratedimages,67
#stanlee,67
#chadwickboseman,67
#bubblefun,67
#bubble,67
#livingroom,67
#livingroomdecor,67
#livingroomideas,67
#livingroomdesignideas,67
#digitallife,67
#ahsfreakshow,67
#imagegenerator,67
#cosmiclove,67
#universe,67
#jwst,67
#ahscoven,67
#ahsnyc,67
#mercedes,67
#hyperrealism,67
#aagd,67
#icchipshop,67
#oem,67
#electronic,67
#service,67
#crowdfund,67
#artbook,67
#book,67
#bookseries,67
#theme,67
#artstyle,67
#newbook,67
#artlover,67
#techunity,67
#stemnnovation2022,67
#stemnnovation22,67
#paintings,67
#djskeleton,67
#dontpetcreations,67
#horror,67
#dream,67
#surrealartwork,67
#soundcloud,67
#manufacturing,67
#crowdfunding,67
#implementation,67
#original,67
#application,67
#automotive,67
#medical,67
#illusion,67
#granddesigns,67
#newtechnology,67
#angelinvestor,67
#midjorneyart,67
#oilpainting,67
#aiartprocess,67
#aiartrevolution,67
#stabledifussion,67
#midjourneyv4,67
#artemis1,67
#togg,67
#anadolu,67
#pearl_organisation,67
#digital_business_transformation_services,67
#it_services,67
#testing,67
#stalking,67
#風景画,67
#hacking,67
#instartist,67
#war,67
#railgun,67
#3dartist,67
#3dmodel,67
#3drender,67
#blender3d,67
#blender3dart,67
#blender,67
#godotengine,67
#godot,67
#futuristic,67
#utopia,67
#finland,67
#3dartwork,67
#3danimations,67
#gamedesign,67
#womboai,67
#aiartofinstagram,67
#aifantasyart,67
#aichallenge,67
#parody,67
#tanks,67
#tank,67
#computers,67
#aiphotography,67
#informative,67
#fashionindustry,67
#trademark,67
#designinnovation,67
#ai_imges,67
#cryptoassets,67
#fairness,67
#register,67
#aiinart,67
#meta,67
#sciencefiction,67
#using,67
#new,67
#used,67
#images,67
#dndcharacter,67
#costarica,67
#neoncity,67
#worker,67
#workers,67
#freespeech,67
#festival,67
#festivals,67
#dune,67
#trumpisback,67
#nftcommumity,67
#nftai,67
#dragon,67
#retailers,67
#agility,67
#productengineering,67
#davidlynch,67
#tweenpeaks,67
#cuttingedge,67
#politics,67
#replika,67
#becomeunbutterable,67
#welcome,67
#stablediffusionai,67
#chess,67
#aidigitalart,67
#trippyart,67
#urban,67
#ocean,67
#donaldtrumpisback,67
#srilankan,67
#technologicaladvances,67
#streamer,67
#gothgirl,67
#goth,67
#gothart,67
#futureofag,67
#agriculture,67
#unknown,67
#youtube,67
#discord,67
#twitch,67
#erotic,67
#sunflower,67
#digitalartists,67
#background,67
#アニメ,67
#背景,67
#nijijourney,67
#foodie,67
#imagegeneration,67
#car,67
#vangogh,67
#latest,67
#legalnews,67
#spoofingvoices,67
#aiimages,67
#fantasycreature,67
#kirin,67
#papercut,67
#trump2024,67
#jailtrump,67
#orangetrump,67
#donaldtrumpmemes,67
#mugshotmonday,67
#quasi,67
#aitext,67
#art_of_heroes,67
#dallemini,67
#craiyon,67
#google,67
#quasiaiimages,67
#stability,67
#stabilityai,67
#epcouncil,67
#epeeps,67
#womeninep,67
#technofanart,67
#artworkuser,67
#dusp,67
#popart,67
#beach,67
#artofinstagram,67
#vikings,67
#wokeart,67
#strugglingartist,67
#artwithamessage,67
#digitalfineart,67
#aiproblems,67
#aifineart,67
#culturalart,67
#tool,67
#finearts,67
#systemicracism,67
#racism,67
#stereotypes,67
#aralpha,67
#augmentedintelligence,67
#virtualrealityexperience,67
#mixedreality,67
#extendedreality,67
#aiinep,67
#urbanplanning,67
#postoftheday,67
#mycology,67
#digitalmagazine,67
#businessupdates,67
#airestoration,67
#digitalrestoration,67
#environmental,67
#advancedtechnology,67
#graphic,67
#hebaoraiba,67
#heba_oraiba,67
#mycologyart,67
#youcantoo,67
#mycologyst,67
#inductusgroup,67
#inductusjobs,67
#dataanalysis,67
#fashionlaw,67
#intellectualproperty,67
#law,67
#businesses,67
#businesslaw,67
#zeemagazine,67
#goingonabearhunt,67
#typography,67
#visual,67
#typedesign,67
#telesterion,67
#audiovisual,67
#thebrightontriad,67
#divination,67
#tarot,67
#collage,67
#tarotcard,67
#fortune,67
#audio,67
#classic,67
#beauty,67
#liquid,67
#immersion,67
#brightonelectric,67
#experiment,67
#how,67
#kindlebook,67
#illustrated,67
#recreated,67
#bestoftheday,67
#legalupdate,67
#instagood,67
#visualstory,67
#changing,67
#worldbuilding,67
#americanhorrorsto,67
#digitalhealthweek,67
#thinkdigitalhealth,67
#ahsdoublefeature,67
#st,67
#seenatecho,67
#artlovers,67
#websitestore,67
#mustang,67
#adobesuite,67
#0xluckless,67
#bearmarketbuilders,67
#artificialinteligence,67
#generativedesign,67
#productdevelopment,67
#fifa,67
#fifaworldcup,67
#wolves,67
#instahistory,67
#luxurycar,67
#digitalmarketingagency,67
#angels,67
#itrtg,67
#nindie,67
#nintendolife,67
#switchpro,67
#tiktokgames,67
#thatsnotart,67
#whatisart,67
#pixar,67
#coffeelovers,67
#mugs,67
#world,67
#artdesigns,67
#cover,67
#brian,67
#hazard,67
#ive,67
#poster,67
#newsflash,67
#bot,67
#city,67
#heart,67
#creativeagency,67
#who,67
#ghost,67
#panthernation,67
#pantherainktattoo,67
#panthercolors,67
#ahsroanoke,67
#quantum,67
#handmade,67
#spirit,67
#family,67
#fairylights,67
#nancypelosi,67
#panther,67
#nftsales,67
#sunset,67
#nftcommmunity,67
#path,67
#computing,67
#cpsc2022,67
#nrcdigitaltech,67
#generationzero,67
#ww,67
#pantherchameleon,67
#artforsale,67
#america,67
#cuco,67
#yeezy,67
#hrgiger,67
#conceptkicks,67
#footweardesign,67
#metadomain,67
#web,67
#empathy,67
#poppin,67
#pizzainacup,67
#canadianartist,67
#trees,67
#artbywomen,67
#artbytattooartists,67
#deepfake,67
#ahscult,67
#arts,67
#artsed,67
#ownership,67
#litigation,67
#motiongraphic,67
#socialcreditscore,67
#madewithunity,67
#environmentaljustice,67
#styles,67
#literatureposts,67
#mediumwriters,67
#puttingonaclinic,67
#tutorial,67
#digitalpainting,67
#colection,67
#canvalove,67
#ghostintheshell,67
#craiyonai,67
#edm,67
#edmartist,67
#artontwitter,67
#unclesam,67
#skull,67
#skullarmy,67
#guns,67
#nftproject,67
#nftcollections,67
#wef,67
#romantic,67
#freiburg,67
#howtoguide,67
#amwriting,67
#entheos,67
#コンセプトアート,67
#mouse,67
#kawaii,67
#ねずみ,67
#memeplex,67
#landscapeart,67
#イラストレーション,67
#ファンタジー,67
#空想画,67
#設定画,67
#ev,67
#prophecy2,67
#futureofwork,67
#badbunny,67
#elgatitotuyoteperdio,67
#unveranosinti,67
#unveranosintibadbunny,67
#unveranosintialbum,67
#punkgirl,67
#punkart,67
#rave,67
#colors,67
#afremov,67
#emotions,67
#brainstimulation,67
#skyrim,67
#communistparty,67
#revolution,67
#3dmodeling,67
#midjourneypainting,67
#tezosart,67
#cleannft,67
#artificialinteligense,67
#baby,67
#polygon,67
#drone,67
#hakuro,67
#history,67
#burger,67
#ハンバーガー,67
#ue5,67
#unrealengine,67
#proceduralart,67
#modulardesign,67
#dogs,67
#phonecases,67
#sciencetwitter,67
#datawarehouse,67
#registermyidea,67
#gaming,67
#neko,67
#nekogirl,67
#fantasygirl,67
#computationalanthropology,67
#exploring,67
#identity,67
#through,67
#artificialsynthesis,67
#anthropology,67
#synthesis,67
#teammech,67
#activitytheory,67
#digitala,67
#destinywarlock,67
#destinythegame,67
#destiny2,67
#kingsfall,67
#fotlpumpkin,67
#eagle,58
#serverless,58
#intoainews,58
#vnft,58
#logicplum,58
#itleaders,58
#publicengagement,58
#borntobuild,58
#publicfeedback,58
#engagement,58
#softwareengineer,58
#performance,58
#ais,58
#marketingagency,58
#synthesia,58
#synthesiaque,58
#mpabigdebte,58
#futureofai,58
#kuisaitalks,58
#digitalprototyping,58
#digitalmedia,58
#ethicalai,58
#codinglife,58
#changethementality,58
#other,58
#otherdes,58
#onlinec,58
#digitalmarketingtips,58
#contentcreation_with_artificialintelligence,58
#billing,36
#cem,24
#businessintelligence,24
#testautomation,24
#intelligenttesting,24
#aitesting,24
#userfeedback,24
#webomates,24
#thoughtleadership,21
#todaymeetstomorrow,21
#voc,20
#fujitsuactivatenow,16
#artofdata,16
#uxresearch,13
#datajobs,13
#cxautomation,12
#bimstudio,12
#getmoreinsights,12
#coolerdata,12
#cognosanalytics,12
#embeddedanalytics,12
#datacollaboration,12
#mobileanalytics,12
#umdischool,12
#virtualevent,12
#enterprise,12
#entrepreneurship,12
#scalper,12
#kittenbot,12
#kittenblock,12
#knowbe4,12
#phishing,12
#gtc21,12
#bots,12
#aiadvertising,12
#cxnetwork,12
#compliance,12
#jobsearch,12
#mljobs,12
#aijobs,12
#techjobs,12
#teamericsson,12
#hiringnow,12
#ibm,12
#agara,12
#online,12
#insights,12
#ezoicexplains,12
#techtalent,12
#obligation,12
#regtech,12
#csiawards,12
#recommendationengine,12
#skreenai,12
#aimarketing,12
#videocall,12
#virtualcom,12
#onlinemarketing,12
#efm,12
#tagging,12
#netflix,9
#customerjourney,8
#personalisation,8
#techpartners,8
#womenintech,8
#workingwomenwednesday,8
#100daysofmlcode,8
#www,8
#deltekprojectnation,6
#bi,6
#uiux,6
#teamsimplex,3
#techtrends,3
#it,3
#uiuxdesign,3
#deltek,3
#predictiveanalytics,3
#camera,3
#insurtech,3
#uidesign,3
#buildingbook,3
#si,3
#recommendation,3
#decisionone,3
#productstrategy,3
#mercari,3
#softwaredevelopment,3
#supervised,3
#industrystats,3
#energyanalytics,3
#degreedays,3
#applications,3
#cto,2
#hr,2
#datamanagement,2
#deep,1
#informationtechnologydegree,1
#grab,1
#analytics18,1
#wsai18,1
#machine_learning,1
#in,1
#artmarket,1
#wireless_charging,1
#user_experience,1
#google_pixel,1
#reading,1
#tallinndigitalsummit,1
#velocitizetalks,1
#optimizing,1
#premiosantander,1
#newspaper,1
#engine,1
#iotsecurity,1
#smartcities,1
#connectedworld,1
#aitechworld,1
#postdoc,1
#jobfairy,1
#multimedia,1
#smartcity,1
#disruption,1
#cdo,1
#vancouver,1
#worldtourismday,1
#machinelearing,1
#oow18,1
#semanaestado,1
#deloitteartfinance,1
#devfest18,1
#newpointofview,1
#edgy,1
#demand,1
#customer,1
#surge,1
#price,1
#gswai,1
#nextmattersmost,1
#multifamily,1
#dcim353b,1
#gamificationdesign,1
#gamificationinlearning,1
#gamificat,1
#gamificación,1
#journalism,1
#vc,1
#bmrtg,1
#solutions,1
#uber,1
#personalize,1
#elearning,1
#videographer,1
#musicvideo,1
#hyddevfest18,1
#indiadevfest18,1
#gdgdevfest,1
#futurejobs,1
#techtuesday,1
#tech2018,1
#hrtribe,1
#financial,1
#banking,1
#vizag,1
#mgiep,1
#unesco,1
#smarthomes,1
